<?xml version="1.0" encoding="UTF-8"?>
<project-private xmlns="http://www.netbeans.org/ns/project-private/1">
    <editor-bookmarks xmlns="http://www.netbeans.org/ns/editor-bookmarks/2" lastBookmarkId="0"/>
    <open-files xmlns="http://www.netbeans.org/ns/projectui-open-files/2">
        <group>
            <file>file:/var/www/html/m07/U3/mvc_dbo_v1/view/form/ProductFormAdd.php</file>
            <file>file:/var/www/html/m07/U3/mvc_dbo_v1/view/ProductView.class.php</file>
            <file>file:/var/www/html/m07/U3/mvc_dbo_v1/controller/MainController.class.php</file>
            <file>file:/var/www/html/m07/U3/mvc_dbo_v1/model/ProductModel.class.php</file>
            <file>file:/var/www/html/m07/U3/mvc_dbo_v1/controller/ProductController.class.php</file>
        </group>
    </open-files>
</project-private>
